<?xml version="1.0" encoding="utf-8"?>
<word xmlns:xsi="http://www.w3.org/2001/XMLSchema-instance" xmlns:xsd="http://www.w3.org/2001/XMLSchema">
  <word>
    <f_word>abide - abode, abode</f_word>
    <n_word>przebywać, pozostawać</n_word>
    <f_sentence />
    <n_sentence />
  </word>
  <word>
    <f_word>arise - arose, arisen</f_word>
    <n_word>wstawać, powstawać, ukazywać się, wyłaniać się, wynikać</n_word>
    <f_sentence />
    <n_sentence />
  </word>
  <word>
    <f_word>awake - awoke, awoke</f_word>
    <n_word>budzić się, jasno uświadomić sobie</n_word>
    <f_sentence />
    <n_sentence />
  </word>
  <word>
    <f_word>be - was/were, been</f_word>
    <n_word>być</n_word>
    <f_sentence />
    <n_sentence />
  </word>
  <word>
    <f_word>bear - bore, born</f_word>
    <n_word>nieść, znosić, cierpieć, rodzić</n_word>
    <f_sentence />
    <n_sentence />
  </word>
  <word>
    <f_word>beat - beat, beaten</f_word>
    <n_word>bić, pobić, walić</n_word>
    <f_sentence />
    <n_sentence />
  </word>
  <word>
    <f_word>become - became, become</f_word>
    <n_word>stać się, zostać</n_word>
    <f_sentence />
    <n_sentence />
  </word>
  <word>
    <f_word>befall - befell, befallen</f_word>
    <n_word>zdarzyć się</n_word>
    <f_sentence />
    <n_sentence />
  </word>
  <word>
    <f_word>beget - begot, begot(ten)</f_word>
    <n_word>płodzić, tworzyć</n_word>
    <f_sentence />
    <n_sentence />
  </word>
  <word>
    <f_word>begin - began, begun</f_word>
    <n_word>zaczynać się</n_word>
    <f_sentence />
    <n_sentence />
  </word>
  <word>
    <f_word>behold - beheld, beheld</f_word>
    <n_word>spostrzegać, oglądać, widzieć</n_word>
    <f_sentence />
    <n_sentence />
  </word>
  <word>
    <f_word>bend - bent, bent</f_word>
    <n_word>zgiąć się, uginać się</n_word>
    <f_sentence />
    <n_sentence />
  </word>
  <word>
    <f_word>bereave - bereft, bereft</f_word>
    <n_word>pozbawić, osierocić</n_word>
    <f_sentence />
    <n_sentence />
  </word>
  <word>
    <f_word>beseech - besought, besought</f_word>
    <n_word>błagać</n_word>
    <f_sentence />
    <n_sentence />
  </word>
  <word>
    <f_word>beset - beset, beset</f_word>
    <n_word>obłożyć, otoczyć</n_word>
    <f_sentence />
    <n_sentence />
  </word>
  <word>
    <f_word>bet - bet, bet</f_word>
    <n_word>zakładać się</n_word>
    <f_sentence />
    <n_sentence />
  </word>
  <word>
    <f_word>bid - bade, bidden</f_word>
    <n_word>kazać, wzywać, licytować, ofiarować cenę</n_word>
    <f_sentence />
    <n_sentence />
  </word>
  <word>
    <f_word>bind - bound, bound</f_word>
    <n_word>wiązać, oprawiać (książkę), zobowiązywać, opatrywać</n_word>
    <f_sentence />
    <n_sentence />
  </word>
  <word>
    <f_word>bite - bit, bitten</f_word>
    <n_word>gryść, ukąsić, szczypać</n_word>
    <f_sentence />
    <n_sentence />
  </word>
  <word>
    <f_word>bleed - bled, bled</f_word>
    <n_word>krwawić</n_word>
    <f_sentence />
    <n_sentence />
  </word>
  <word>
    <f_word>blend - blent, blent</f_word>
    <n_word>mieszać (się), łączyć (się)</n_word>
    <f_sentence />
    <n_sentence />
  </word>
  <word>
    <f_word>blow - blew, blown</f_word>
    <n_word>dmuchać, dąć, kwitnąć</n_word>
    <f_sentence />
    <n_sentence />
  </word>
  <word>
    <f_word>break - broke, broken</f_word>
    <n_word>złamać, rozbić się, rozproszyć, naruszyć (przepisy)</n_word>
    <f_sentence />
    <n_sentence />
  </word>
  <word>
    <f_word>breed - bred, bred</f_word>
    <n_word>płodzić, hodować</n_word>
    <f_sentence />
    <n_sentence />
  </word>
  <word>
    <f_word>bring - brought, brought</f_word>
    <n_word>przynosić, sprowadzać</n_word>
    <f_sentence />
    <n_sentence />
  </word>
  <word>
    <f_word>build - built, built</f_word>
    <n_word>budować</n_word>
    <f_sentence />
    <n_sentence />
  </word>
  <word>
    <f_word>burn - burnt, burnt</f_word>
    <n_word>palić, płonąć</n_word>
    <f_sentence />
    <n_sentence />
  </word>
  <word>
    <f_word>burst - burst, burst</f_word>
    <n_word>pękać, przebijać</n_word>
    <f_sentence />
    <n_sentence />
  </word>
  <word>
    <f_word>buy - bought, bought</f_word>
    <n_word>kupować</n_word>
    <f_sentence />
    <n_sentence />
  </word>
  <word>
    <f_word>cast - cast, cast</f_word>
    <n_word>rzucać, odlewać (w hucie)</n_word>
    <f_sentence />
    <n_sentence />
  </word>
  <word>
    <f_word>catch - caught, caught</f_word>
    <n_word>chwytać, łapać, zarazić się</n_word>
    <f_sentence />
    <n_sentence />
  </word>
  <word>
    <f_word>chide - chid, chid(den)</f_word>
    <n_word>karcić, ganić, łajać</n_word>
    <f_sentence />
    <n_sentence />
  </word>
  <word>
    <f_word>choose - chose, chosen</f_word>
    <n_word>wybierać</n_word>
    <f_sentence />
    <n_sentence />
  </word>
  <word>
    <f_word>cleave - cleft/clove, cleft/cloven </f_word>
    <n_word>rozrywać (się), rozszczepiać (się)</n_word>
    <f_sentence />
    <n_sentence />
  </word>
  <word>
    <f_word>cling - clung, clung</f_word>
    <n_word>przylgnąć, przyczepić się, trzymać się, chwytać się</n_word>
    <f_sentence />
    <n_sentence />
  </word>
  <word>
    <f_word>clothe - clad/clothed, clad/clothed</f_word>
    <n_word>ubrać, okryć</n_word>
    <f_sentence />
    <n_sentence />
  </word>
  <word>
    <f_word>come - came, come</f_word>
    <n_word>przyjść, przybyć, zdarzać się, pochodzić, wynosić</n_word>
    <f_sentence />
    <n_sentence />
  </word>
  <word>
    <f_word>cost - cost, cost</f_word>
    <n_word>kosztować</n_word>
    <f_sentence />
    <n_sentence />
  </word>
  <word>
    <f_word>creep - crept, crept</f_word>
    <n_word>pełzać, czołgać się, wkradać się, mieć dreszcze</n_word>
    <f_sentence />
    <n_sentence />
  </word>
  <word>
    <f_word>crow - crew, crowed</f_word>
    <n_word>piać</n_word>
    <f_sentence />
    <n_sentence />
  </word>
  <word>
    <f_word>cut - cut, cut</f_word>
    <n_word>krajać, ciąć, siekać, rąbać</n_word>
    <f_sentence />
    <n_sentence />
  </word>
  <word>
    <f_word>dare - durst/dared, dared</f_word>
    <n_word>ośmielić się</n_word>
    <f_sentence />
    <n_sentence />
  </word>
  <word>
    <f_word>deal - dealt, dealt</f_word>
    <n_word>dzielić, rozdzielać, rozdawać karty, mieć do czynienia, handlować, zadawać się</n_word>
    <f_sentence />
    <n_sentence />
  </word>
  <word>
    <f_word>die - died, died</f_word>
    <n_word>umierać</n_word>
    <f_sentence />
    <n_sentence />
  </word>
  <word>
    <f_word>dig - dug, dug</f_word>
    <n_word>kopać (ziemię)</n_word>
    <f_sentence />
    <n_sentence />
  </word>
  <word>
    <f_word>dip - dipt, dipt</f_word>
    <n_word>zanurzyć, zamoczyć, obniżyć</n_word>
    <f_sentence />
    <n_sentence />
  </word>
  <word>
    <f_word>do - did, done</f_word>
    <n_word>robić, czynić, sprawdzić, wywoływać, czuć się</n_word>
    <f_sentence />
    <n_sentence />
  </word>
  <word>
    <f_word>draw - drew, drawn</f_word>
    <n_word>ciągnąć, wyciągnąć, przyciągać (uwagę), rysować</n_word>
    <f_sentence />
    <n_sentence />
  </word>
  <word>
    <f_word>dream - dreamt, dreamt</f_word>
    <n_word>śnić, marzyć</n_word>
    <f_sentence />
    <n_sentence />
  </word>
  <word>
    <f_word>drink - drank, drunk</f_word>
    <n_word>pić</n_word>
    <f_sentence />
    <n_sentence />
  </word>
  <word>
    <f_word>drive - drove, driven</f_word>
    <n_word>jechać, pędzić, kierować samochodem</n_word>
    <f_sentence />
    <n_sentence />
  </word>
  <word>
    <f_word>dwell - dwelt, dwelt</f_word>
    <n_word>mieszkać, przebywać</n_word>
    <f_sentence />
    <n_sentence />
  </word>
  <word>
    <f_word>eat - ate, eaten</f_word>
    <n_word>jeść</n_word>
    <f_sentence />
    <n_sentence />
  </word>
  <word>
    <f_word>fall - fell, fallen</f_word>
    <n_word>spadać, opadać, zawalić (się)</n_word>
    <f_sentence />
    <n_sentence />
  </word>
  <word>
    <f_word>feed - fed, fed</f_word>
    <n_word>karmić, żywić, paść się, zasilać (urządzenie)</n_word>
    <f_sentence />
    <n_sentence />
  </word>
  <word>
    <f_word>feel - felt, felt</f_word>
    <n_word>czuć (się), odczuwać, dotykać</n_word>
    <f_sentence />
    <n_sentence />
  </word>
  <word>
    <f_word>fight - fought, fought</f_word>
    <n_word>bić się, walczyć</n_word>
    <f_sentence />
    <n_sentence />
  </word>
  <word>
    <f_word>find - found, found</f_word>
    <n_word>znaleść, odkryć, stwierdzać</n_word>
    <f_sentence />
    <n_sentence />
  </word>
  <word>
    <f_word>flee - fled, fled</f_word>
    <n_word>uciekać</n_word>
    <f_sentence />
    <n_sentence />
  </word>
  <word>
    <f_word>fling - flung, flung</f_word>
    <n_word>rzucać (się), ciskać</n_word>
    <f_sentence />
    <n_sentence />
  </word>
  <word>
    <f_word>fly - flew, flown</f_word>
    <n_word>latać, fruwać, uciekać</n_word>
    <f_sentence />
    <n_sentence />
  </word>
  <word>
    <f_word>forbear - forbore, forborne</f_word>
    <n_word>cierpliwie znosić, pobłażliwie zachowywać się, wstrzymywać się</n_word>
    <f_sentence />
    <n_sentence />
  </word>
  <word>
    <f_word>forbid - forbade, forbidden</f_word>
    <n_word>zakazywać, zabraniać</n_word>
    <f_sentence />
    <n_sentence />
  </word>
  <word>
    <f_word>forego - forewent, foregone</f_word>
    <n_word>poprzedzać, zaniechać, stracić, zrezygnować</n_word>
    <f_sentence />
    <n_sentence />
  </word>
  <word>
    <f_word>foresee - foresaw, foreseen</f_word>
    <n_word>przewidywać</n_word>
    <f_sentence />
    <n_sentence />
  </word>
  <word>
    <f_word>foretell - foretold, foretold</f_word>
    <n_word>przepowiadać, wróżyć</n_word>
    <f_sentence />
    <n_sentence />
  </word>
  <word>
    <f_word>forget - forgot, forgotten</f_word>
    <n_word>zapominać</n_word>
    <f_sentence />
    <n_sentence />
  </word>
  <word>
    <f_word>forgive - forgave, forgiven</f_word>
    <n_word>przebaczać</n_word>
    <f_sentence />
    <n_sentence />
  </word>
  <word>
    <f_word>forsake - forsook, forsaken</f_word>
    <n_word>opuszczać, porzucać, zaniechać</n_word>
    <f_sentence />
    <n_sentence />
  </word>
  <word>
    <f_word>freeze - froze, frozen</f_word>
    <n_word>marznąć, zamrażać</n_word>
    <f_sentence />
    <n_sentence />
  </word>
  <word>
    <f_word>gainsay - gainsaid, gainsaid</f_word>
    <n_word>przeczyć</n_word>
    <f_sentence />
    <n_sentence />
  </word>
  <word>
    <f_word>get - got, got/gotten </f_word>
    <n_word>dostać, otrzymać, zdobyć, stać się, namawiać</n_word>
    <f_sentence />
    <n_sentence />
  </word>
  <word>
    <f_word>gild - gilt, gilt</f_word>
    <n_word>złocić, pozłacać</n_word>
    <f_sentence />
    <n_sentence />
  </word>
  <word>
    <f_word>gird - girt/girded, girt/girded</f_word>
    <n_word>opasać</n_word>
    <f_sentence />
    <n_sentence />
  </word>
  <word>
    <f_word>give - gave, given</f_word>
    <n_word>dawać</n_word>
    <f_sentence />
    <n_sentence />
  </word>
  <word>
    <f_word>go - went, gone</f_word>
    <n_word>iść, pojechać, zniknąć</n_word>
    <f_sentence />
    <n_sentence />
  </word>
  <word>
    <f_word>grave - graved, graven</f_word>
    <n_word>ryć, wyryć</n_word>
    <f_sentence />
    <n_sentence />
  </word>
  <word>
    <f_word>grind - ground, ground</f_word>
    <n_word>mleć, ostrzyć</n_word>
    <f_sentence />
    <n_sentence />
  </word>
  <word>
    <f_word>grow - grew, grown</f_word>
    <n_word>rosnąć, hodować, uprawiać, stawać się</n_word>
    <f_sentence />
    <n_sentence />
  </word>
  <word>
    <f_word>hang - hung, hung </f_word>
    <n_word>powiesić, wisieć</n_word>
    <f_sentence />
    <n_sentence />
  </word>
  <word>
    <f_word>have - had, had</f_word>
    <n_word>mieć, posiadać, musieć</n_word>
    <f_sentence />
    <n_sentence />
  </word>
  <word>
    <f_word>hear - heard, heard</f_word>
    <n_word>słyszeć, podsłuchiwać, dowiedzieć się</n_word>
    <f_sentence />
    <n_sentence />
  </word>
  <word>
    <f_word>heave - hove, hove</f_word>
    <n_word>podnosić, ciągnąć ku górze, unosić się, nabrzmiewać</n_word>
    <f_sentence />
    <n_sentence />
  </word>
  <word>
    <f_word>hew - hewed, hewn/hewed</f_word>
    <n_word>rąbać, ciosać</n_word>
    <f_sentence />
    <n_sentence />
  </word>
  <word>
    <f_word>hide - hid, hidden</f_word>
    <n_word>ukrywać się</n_word>
    <f_sentence />
    <n_sentence />
  </word>
  <word>
    <f_word>hit - hit, hit</f_word>
    <n_word>uderzyć, trafić</n_word>
    <f_sentence />
    <n_sentence />
  </word>
  <word>
    <f_word>hold - held, held</f_word>
    <n_word>trzymać (się), zawierać, pomieścić w sobie</n_word>
    <f_sentence />
    <n_sentence />
  </word>
  <word>
    <f_word>hurt - hurt, hurt</f_word>
    <n_word>skaleczyć się, zranić, urazić, obrazić</n_word>
    <f_sentence />
    <n_sentence />
  </word>
  <word>
    <f_word>keep - kept, kept</f_word>
    <n_word>trzymać, utrzymywać, przechowywać, dotrzymywać, przestrzegać, zachowywać się</n_word>
    <f_sentence />
    <n_sentence />
  </word>
  <word>
    <f_word>kneel - knelt, knelt</f_word>
    <n_word>klękać</n_word>
    <f_sentence />
    <n_sentence />
  </word>
  <word>
    <f_word>knit - knit/knitted, knit/knitted</f_word>
    <n_word>dziać, robić na drutach, składać, mocno z sobą łączyć, zciągać (brwi)</n_word>
    <f_sentence />
    <n_sentence />
  </word>
  <word>
    <f_word>know - knew, known</f_word>
    <n_word>znać, wiedzieć, poznać, dowiedzieć się</n_word>
    <f_sentence />
    <n_sentence />
  </word>
  <word>
    <f_word>lade - laded, laded/laden</f_word>
    <n_word>ładować</n_word>
    <f_sentence />
    <n_sentence />
  </word>
  <word>
    <f_word>lay - laid, laid</f_word>
    <n_word>kłaść</n_word>
    <f_sentence />
    <n_sentence />
  </word>
  <word>
    <f_word>lead - led, led</f_word>
    <n_word>prowadzić, kierować</n_word>
    <f_sentence />
    <n_sentence />
  </word>
  <word>
    <f_word>lean - leant/leaned, leant/leaned</f_word>
    <n_word>nachylić (się), pochylać (się), opierać (się),</n_word>
    <f_sentence />
    <n_sentence />
  </word>
  <word>
    <f_word>leap - leapt, leapt</f_word>
    <n_word>podskakiwać</n_word>
    <f_sentence />
    <n_sentence />
  </word>
  <word>
    <f_word>learn - learnt, learnt</f_word>
    <n_word>uczyć się, dowiadywać się</n_word>
    <f_sentence />
    <n_sentence />
  </word>
  <word>
    <f_word>leave - left, left</f_word>
    <n_word>zostawiać, odchodzić, opuszczać, odjeżdżać</n_word>
    <f_sentence />
    <n_sentence />
  </word>
  <word>
    <f_word>lend - lent, lent</f_word>
    <n_word>pożyczać, użyczać, udzielać</n_word>
    <f_sentence />
    <n_sentence />
  </word>
  <word>
    <f_word>let - let, let</f_word>
    <n_word>puszczać, pozwalać, dawać, zostawić, najmować</n_word>
    <f_sentence />
    <n_sentence />
  </word>
  <word>
    <f_word>lie - lay, lain</f_word>
    <n_word>leżeć</n_word>
    <f_sentence />
    <n_sentence />
  </word>
  <word>
    <f_word>light - lit, lit</f_word>
    <n_word>natknąć się, natrafić, zstąpić, osiąść (o ptakach)</n_word>
    <f_sentence />
    <n_sentence />
  </word>
  <word>
    <f_word>light - lit, lit</f_word>
    <n_word>świecić, zapalać, oświecić</n_word>
    <f_sentence />
    <n_sentence />
  </word>
  <word>
    <f_word>lose - lost, lost</f_word>
    <n_word>stracić, zgubić, przegrać</n_word>
    <f_sentence />
    <n_sentence />
  </word>
  <word>
    <f_word>make - made, made</f_word>
    <n_word>robić, tworzyć, sporządzać</n_word>
    <f_sentence />
    <n_sentence />
  </word>
  <word>
    <f_word>mean - meant, meant</f_word>
    <n_word>myśleć, mieć na myśli, przypuszczać, mieć zamiar, znaczyć</n_word>
    <f_sentence />
    <n_sentence />
  </word>
  <word>
    <f_word>meet - met, met</f_word>
    <n_word>spotykać, zbierać się, gromadzić się</n_word>
    <f_sentence />
    <n_sentence />
  </word>
  <word>
    <f_word>melt - melted, melted/molten</f_word>
    <n_word>topić, roztapiać, topnieć</n_word>
    <f_sentence />
    <n_sentence />
  </word>
  <word>
    <f_word>misgive - misgave, migiven</f_word>
    <n_word>wzbudzić niepokój, natchnąć złym przeczuciem, wzbudzić obawę</n_word>
    <f_sentence />
    <n_sentence />
  </word>
  <word>
    <f_word>mislay - mislaid, mislaid</f_word>
    <n_word>położyć nie na swoim miejscu</n_word>
    <f_sentence />
    <n_sentence />
  </word>
  <word>
    <f_word>mislead - misled, misled</f_word>
    <n_word>wprowadzić w błąd</n_word>
    <f_sentence />
    <n_sentence />
  </word>
  <word>
    <f_word>mistake - mistook, mistaken</f_word>
    <n_word>omylić się, chybić, śle zrozumieć, omyłkowo wziąć jedną osobę za drugą</n_word>
    <f_sentence />
    <n_sentence />
  </word>
  <word>
    <f_word>misunderstand - misunderstood, misunderstood</f_word>
    <n_word>śle zrozumieć</n_word>
    <f_sentence />
    <n_sentence />
  </word>
  <word>
    <f_word>mow - mowed, mown</f_word>
    <n_word>kosić</n_word>
    <f_sentence />
    <n_sentence />
  </word>
  <word>
    <f_word>outdo - outdid, outdone</f_word>
    <n_word>przewyższyć, prześcignąć, wyczerpać</n_word>
    <f_sentence />
    <n_sentence />
  </word>
  <word>
    <f_word>outgo - outwent, outgone</f_word>
    <n_word>prześcignąć, wyprzedzić</n_word>
    <f_sentence />
    <n_sentence />
  </word>
  <word>
    <f_word>outgrow - outgrew, outgrown</f_word>
    <n_word>przerastać, wyrastać ponad głowę, wyrastać (np. z ubrania)</n_word>
    <f_sentence />
    <n_sentence />
  </word>
  <word>
    <f_word>outride - outrode, outridden</f_word>
    <n_word>prześcignąć (w jeśdzie), przewyższyć</n_word>
    <f_sentence />
    <n_sentence />
  </word>
  <word>
    <f_word>outrun - outran, outrun</f_word>
    <n_word>wyprzedzić w biegu, prześcignąć, wykroczyć</n_word>
    <f_sentence />
    <n_sentence />
  </word>
  <word>
    <f_word>overbear - overbore, overborne</f_word>
    <n_word>przeciążyć, przemóc, pokonać, ciemiężyć</n_word>
    <f_sentence />
    <n_sentence />
  </word>
  <word>
    <f_word>overcome - overcame, overcome</f_word>
    <n_word>przemóc, opanować</n_word>
    <f_sentence />
    <n_sentence />
  </word>
  <word>
    <f_word>overdo - overdid, overdone</f_word>
    <n_word>przesadzić, przebrać miarę, przegotować, za mocno wypiec, przeciążyć</n_word>
    <f_sentence />
    <n_sentence />
  </word>
  <word>
    <f_word>overeat - overate, overeaten</f_word>
    <n_word>przejeść się</n_word>
    <f_sentence />
    <n_sentence />
  </word>
  <word>
    <f_word>overgrow - overgrew, overgrown</f_word>
    <n_word>przerastać, szybko rosnąć, obrastać, porastać</n_word>
    <f_sentence />
    <n_sentence />
  </word>
  <word>
    <f_word>overhang - overhung, overhung</f_word>
    <n_word>zwisać, wystawać, wisieć nad głową, zagrażać</n_word>
    <f_sentence />
    <n_sentence />
  </word>
  <word>
    <f_word>overhear - overheard, overheard</f_word>
    <n_word>podsłuchać</n_word>
    <f_sentence />
    <n_sentence />
  </word>
  <word>
    <f_word>overpay - overpaid, overpaid</f_word>
    <n_word>przepłacić, zbytnio wynagrodzić</n_word>
    <f_sentence />
    <n_sentence />
  </word>
  <word>
    <f_word>override - overrode, overridden</f_word>
    <n_word>przemęczyć (zmordować) konia, przejechać, podeptać, z góry potraktować, potocznie: objechać</n_word>
    <f_sentence />
    <n_sentence />
  </word>
  <word>
    <f_word>overrun - overran, overrun</f_word>
    <n_word>najechać, spustoszyć, pokonać, przewyższyć, przytłumić</n_word>
    <f_sentence />
    <n_sentence />
  </word>
  <word>
    <f_word>overtake - overtook, overtaken</f_word>
    <n_word>dopędzić, dosięgnąć</n_word>
    <f_sentence />
    <n_sentence />
  </word>
  <word>
    <f_word>overthrow - overthrew, overthrown</f_word>
    <n_word>przewrócić, obalić, zniszczyć, pobić</n_word>
    <f_sentence />
    <n_sentence />
  </word>
  <word>
    <f_word>partake - partook, partaken</f_word>
    <n_word>uczestniczyć, wspólnie spożywać</n_word>
    <f_sentence />
    <n_sentence />
  </word>
  <word>
    <f_word>pay - paid, paid</f_word>
    <n_word>płacić, wynagradzać, opłacić się</n_word>
    <f_sentence />
    <n_sentence />
  </word>
  <word>
    <f_word>put - put, put</f_word>
    <n_word>stawiać, kłaść, umieszczać</n_word>
    <f_sentence />
    <n_sentence />
  </word>
  <word>
    <f_word>read - read, read</f_word>
    <n_word>czytać</n_word>
    <f_sentence />
    <n_sentence />
  </word>
  <word>
    <f_word>rend - rent, rent</f_word>
    <n_word>rozedrzeć, podrzeć</n_word>
    <f_sentence />
    <n_sentence />
  </word>
  <word>
    <f_word>repay - repaid, repaid</f_word>
    <n_word>spłacić, zwrócić dług, dać odszkodowanie, odpłacić</n_word>
    <f_sentence />
    <n_sentence />
  </word>
  <word>
    <f_word>rid - rid, rid</f_word>
    <n_word>uwolnić, uratować, oczyścić</n_word>
    <f_sentence />
    <n_sentence />
  </word>
  <word>
    <f_word>ride - rode, ridden</f_word>
    <n_word>jeśdzić (konno lub na rowerze)</n_word>
    <f_sentence />
    <n_sentence />
  </word>
  <word>
    <f_word>ring - rang, rung</f_word>
    <n_word>dzwonić, dświęczeć</n_word>
    <f_sentence />
    <n_sentence />
  </word>
  <word>
    <f_word>rise - rose, risen</f_word>
    <n_word>wstawać, podnosić się, powstawać, rosnąć</n_word>
    <f_sentence />
    <n_sentence />
  </word>
  <word>
    <f_word>rot - rotted, rotten</f_word>
    <n_word>gnić</n_word>
    <f_sentence />
    <n_sentence />
  </word>
  <word>
    <f_word>run - ran, run</f_word>
    <n_word>biec, jechać, funkcjonować, upływać</n_word>
    <f_sentence />
    <n_sentence />
  </word>
  <word>
    <f_word>saw - sawed, sawn</f_word>
    <n_word>piłować, przecinać</n_word>
    <f_sentence />
    <n_sentence />
  </word>
  <word>
    <f_word>say - said, said</f_word>
    <n_word>powiedzieć, mówić</n_word>
    <f_sentence />
    <n_sentence />
  </word>
  <word>
    <f_word>see - saw, seen</f_word>
    <n_word>zobaczyć, widzieć, pojmować</n_word>
    <f_sentence />
    <n_sentence />
  </word>
  <word>
    <f_word>seek - sought, sought</f_word>
    <n_word>szukać, starać się, usiłować, dążyć</n_word>
    <f_sentence />
    <n_sentence />
  </word>
  <word>
    <f_word>sell - sold, sold</f_word>
    <n_word>sprzedawać</n_word>
    <f_sentence />
    <n_sentence />
  </word>
  <word>
    <f_word>send - sent, sent</f_word>
    <n_word>posyłać, wysyłać</n_word>
    <f_sentence />
    <n_sentence />
  </word>
  <word>
    <f_word>set - set, set</f_word>
    <n_word>umieszczać, układać, nastawić, uregulować</n_word>
    <f_sentence />
    <n_sentence />
  </word>
  <word>
    <f_word>sew - sewed, sewn</f_word>
    <n_word>szyć</n_word>
    <f_sentence />
    <n_sentence />
  </word>
  <word>
    <f_word>shake - shook, shaken</f_word>
    <n_word>potrząsać, drżeć</n_word>
    <f_sentence />
    <n_sentence />
  </word>
  <word>
    <f_word>shear - sheared, shorn</f_word>
    <n_word>strzyc, ogołacać, pozbawiać,</n_word>
    <f_sentence />
    <n_sentence />
  </word>
  <word>
    <f_word>shed - shed, shed</f_word>
    <n_word>tracić (włosy, zęby), ronić (łzy), przelewać (krew), szerzyć, rozsiewać</n_word>
    <f_sentence />
    <n_sentence />
  </word>
  <word>
    <f_word>shine - shone, shone</f_word>
    <n_word>świecić się, błyszczeć, jaśnieć</n_word>
    <f_sentence />
    <n_sentence />
  </word>
  <word>
    <f_word>shoe - shod, shod</f_word>
    <n_word>obuwać, podkuwać (konia)</n_word>
    <f_sentence />
    <n_sentence />
  </word>
  <word>
    <f_word>shoot - shot, shot</f_word>
    <n_word>strzelać (bramkę), wystrzelić, filmować, zastrzelić, rozstrzelać</n_word>
    <f_sentence />
    <n_sentence />
  </word>
  <word>
    <f_word>show - showed, shown/showed</f_word>
    <n_word>pokazywać, wystawić na pokaz, wyświetlić (film), okazać (bilet)</n_word>
    <f_sentence />
    <n_sentence />
  </word>
  <word>
    <f_word>shred - shred, shred</f_word>
    <n_word>wystrzępić, targać na strzępy</n_word>
    <f_sentence />
    <n_sentence />
  </word>
  <word>
    <f_word>shrink - shrank, shrunk</f_word>
    <n_word>kurczyć się, marszczyć się, zanikać</n_word>
    <f_sentence />
    <n_sentence />
  </word>
  <word>
    <f_word>shrive - shrove, shriven</f_word>
    <n_word>wyspowiadać i rozgrzeszyć</n_word>
    <f_sentence />
    <n_sentence />
  </word>
  <word>
    <f_word>shut - shut, shut</f_word>
    <n_word>zamykać (się), zatkać (komuś usta)</n_word>
    <f_sentence />
    <n_sentence />
  </word>
  <word>
    <f_word>sing - sang, sung</f_word>
    <n_word>śpiewać</n_word>
    <f_sentence />
    <n_sentence />
  </word>
  <word>
    <f_word>sink - sank, sunk</f_word>
    <n_word>zanurzyć (się), topić (się), opadać, tonąć, zanikać, umarzać (dług)</n_word>
    <f_sentence />
    <n_sentence />
  </word>
  <word>
    <f_word>sit - sat, sat</f_word>
    <n_word>siedzieć, siadać</n_word>
    <f_sentence />
    <n_sentence />
  </word>
  <word>
    <f_word>slay - slew, slein</f_word>
    <n_word>zabijać</n_word>
    <f_sentence />
    <n_sentence />
  </word>
  <word>
    <f_word>sleep - slept, slept</f_word>
    <n_word>spać</n_word>
    <f_sentence />
    <n_sentence />
  </word>
  <word>
    <f_word>slide - slid, slid</f_word>
    <n_word>ślizgać się, poślizgnąć się</n_word>
    <f_sentence />
    <n_sentence />
  </word>
  <word>
    <f_word>sling - slung, slung</f_word>
    <n_word>ciskać, rzucać</n_word>
    <f_sentence />
    <n_sentence />
  </word>
  <word>
    <f_word>slink - slunk, slunk</f_word>
    <n_word>pełzać, przekradać się, ukradkiem uciekać</n_word>
    <f_sentence />
    <n_sentence />
  </word>
  <word>
    <f_word>slit - slit, slit</f_word>
    <n_word>rozszczepiać (podłużnie), rozłupać</n_word>
    <f_sentence />
    <n_sentence />
  </word>
  <word>
    <f_word>smell - smelt, smelt</f_word>
    <n_word>wąchać, pachnieć, czuć zapach</n_word>
    <f_sentence />
    <n_sentence />
  </word>
  <word>
    <f_word>smite - smote, smitten</f_word>
    <n_word>uderzać, walić</n_word>
    <f_sentence />
    <n_sentence />
  </word>
  <word>
    <f_word>sow - sowed, sown</f_word>
    <n_word>siać, obsiać</n_word>
    <f_sentence />
    <n_sentence />
  </word>
  <word>
    <f_word>speak - spoke, spoken</f_word>
    <n_word>mówić, odezwać się, wygłaszać przemówienie, władać (językiem)</n_word>
    <f_sentence />
    <n_sentence />
  </word>
  <word>
    <f_word>speed - sped, sped</f_word>
    <n_word>spieszyć się, pędzić</n_word>
    <f_sentence />
    <n_sentence />
  </word>
  <word>
    <f_word>spell - spelt, spelt</f_word>
    <n_word>sylabizować, literować</n_word>
    <f_sentence />
    <n_sentence />
  </word>
  <word>
    <f_word>spend - spent, spent</f_word>
    <n_word>spędzać (czas), wydawać pieniądze, trwonić</n_word>
    <f_sentence />
    <n_sentence />
  </word>
  <word>
    <f_word>spill - spilt, spilt</f_word>
    <n_word>rozlać (się)</n_word>
    <f_sentence />
    <n_sentence />
  </word>
  <word>
    <f_word>spin - spun/span, spun</f_word>
    <n_word>prząść, kręcić (się), wirować</n_word>
    <f_sentence />
    <n_sentence />
  </word>
  <word>
    <f_word>spit - spat, spat</f_word>
    <n_word>pluć, wypluć</n_word>
    <f_sentence />
    <n_sentence />
  </word>
  <word>
    <f_word>split - split, split</f_word>
    <n_word>rozszczepiać, rozłupać, rozdzielać</n_word>
    <f_sentence />
    <n_sentence />
  </word>
  <word>
    <f_word>spoil - spoilt, spoilt</f_word>
    <n_word>rabować</n_word>
    <f_sentence />
    <n_sentence />
  </word>
  <word>
    <f_word>spoil - spoilt, spoilt</f_word>
    <n_word>psuć (się), marnować, niszczeć</n_word>
    <f_sentence />
    <n_sentence />
  </word>
  <word>
    <f_word>spread - spread, spread</f_word>
    <n_word>rozciągać, rozpościerać (się), rozpowszechniać, smarować (masłem)</n_word>
    <f_sentence />
    <n_sentence />
  </word>
  <word>
    <f_word>spring - sprang, sprung</f_word>
    <n_word>skakać, powstać, pochodzić</n_word>
    <f_sentence />
    <n_sentence />
  </word>
  <word>
    <f_word>stand - stood, stood</f_word>
    <n_word>stać, zostać w mocy, popierać, być zwolennikiem</n_word>
    <f_sentence />
    <n_sentence />
  </word>
  <word>
    <f_word>steal - stole, stolen</f_word>
    <n_word>kraść, porywać</n_word>
    <f_sentence />
    <n_sentence />
  </word>
  <word>
    <f_word>stick - stuck, stuck</f_word>
    <n_word>wetknąć, wbić, wsadzić, przylepić (się), utkwić</n_word>
    <f_sentence />
    <n_sentence />
  </word>
  <word>
    <f_word>sting - stung, stung</f_word>
    <n_word>kłuć, parzyć, docinać komuś</n_word>
    <f_sentence />
    <n_sentence />
  </word>
  <word>
    <f_word>stink - stunk, stunk</f_word>
    <n_word>cuchnąć, śmierdzieć</n_word>
    <f_sentence />
    <n_sentence />
  </word>
  <word>
    <f_word>strew - strewed, strewn</f_word>
    <n_word>rozrzucać, rozsypywać</n_word>
    <f_sentence />
    <n_sentence />
  </word>
  <word>
    <f_word>stride - strode, stridden</f_word>
    <n_word>kroczyć, wkroczyć na, przekroczyć, siedzieć okrakiem</n_word>
    <f_sentence />
    <n_sentence />
  </word>
  <word>
    <f_word>strike - struck, struck</f_word>
    <n_word>uderzać, bić, walić, wybijać (godziny), strajkować, zapalać (zapałkę)</n_word>
    <f_sentence />
    <n_sentence />
  </word>
  <word>
    <f_word>string - strung, strung</f_word>
    <n_word>zawiązywać, nawlekać, naciągać, napinać</n_word>
    <f_sentence />
    <n_sentence />
  </word>
  <word>
    <f_word>strive - strove, striven</f_word>
    <n_word>usiłować, starać się, dążyć, współzawodniczyć</n_word>
    <f_sentence />
    <n_sentence />
  </word>
  <word>
    <f_word>swear - swore, sworn</f_word>
    <n_word>przysięgać, kląć, przeklinać</n_word>
    <f_sentence />
    <n_sentence />
  </word>
  <word>
    <f_word>sweep - swept, swept</f_word>
    <n_word>zamiatać</n_word>
    <f_sentence />
    <n_sentence />
  </word>
  <word>
    <f_word>swell - swelled, swollen</f_word>
    <n_word>puchnąć, nabrzmiewać, pęcznieć, wydymać (się)</n_word>
    <f_sentence />
    <n_sentence />
  </word>
  <word>
    <f_word>swim - swam, swum</f_word>
    <n_word>pływać</n_word>
    <f_sentence />
    <n_sentence />
  </word>
  <word>
    <f_word>swing - swung, swung</f_word>
    <n_word>kołysać się, huśtać się, zakręcać</n_word>
    <f_sentence />
    <n_sentence />
  </word>
  <word>
    <f_word>take - took, taken</f_word>
    <n_word>brać, przyjmować, robić zdjęcie</n_word>
    <f_sentence />
    <n_sentence />
  </word>
  <word>
    <f_word>teach - taught, taught</f_word>
    <n_word>uczyć</n_word>
    <f_sentence />
    <n_sentence />
  </word>
  <word>
    <f_word>tear - tore, torn</f_word>
    <n_word>rwać (się), szarpać, targać, drzeć (się)</n_word>
    <f_sentence />
    <n_sentence />
  </word>
  <word>
    <f_word>tell - told, told</f_word>
    <n_word>mówić, opowiadać</n_word>
    <f_sentence />
    <n_sentence />
  </word>
  <word>
    <f_word>think - thought, thought</f_word>
    <n_word>myśleć, rozważać, rozmyślać</n_word>
    <f_sentence />
    <n_sentence />
  </word>
  <word>
    <f_word>thrive - throve/thrived, thriven/thrived</f_word>
    <n_word>udawać się, pięknie rosnąć, kwitnąć, mieć powodzenie</n_word>
    <f_sentence />
    <n_sentence />
  </word>
  <word>
    <f_word>throw - threw, thrown</f_word>
    <n_word>rzucać, zrzucać, spadać</n_word>
    <f_sentence />
    <n_sentence />
  </word>
  <word>
    <f_word>thrust - thrust, thrust</f_word>
    <n_word>pchnąć, wbić, przebić</n_word>
    <f_sentence />
    <n_sentence />
  </word>
  <word>
    <f_word>tread - trod, trodden</f_word>
    <n_word>stąpać, kroczyć, deptać</n_word>
    <f_sentence />
    <n_sentence />
  </word>
  <word>
    <f_word>unbend - unbent, unbent</f_word>
    <n_word>odgiąć, odprężyć się, osłabnąć</n_word>
    <f_sentence />
    <n_sentence />
  </word>
  <word>
    <f_word>unbind - unbound, unbound</f_word>
    <n_word>rozwiązać, odwiązać, zwolnić</n_word>
    <f_sentence />
    <n_sentence />
  </word>
  <word>
    <f_word>underfeed - underfed, underfed</f_word>
    <n_word>niedostatecznie odżywiać się, niedojadać</n_word>
    <f_sentence />
    <n_sentence />
  </word>
  <word>
    <f_word>undergo - underwent, undergone</f_word>
    <n_word>poddać się, doświadczyć, znieść</n_word>
    <f_sentence />
    <n_sentence />
  </word>
  <word>
    <f_word>underlay - underlaid, underlaid</f_word>
    <n_word>podkładać</n_word>
    <f_sentence />
    <n_sentence />
  </word>
  <word>
    <f_word>underlie - underlay, underlain</f_word>
    <n_word>leżeć u podstaw, podlegać, leżeć u dołu</n_word>
    <f_sentence />
    <n_sentence />
  </word>
  <word>
    <f_word>underpay - underpaid, underpaid</f_word>
    <n_word>niedostatecznie opłacać, płacić za niską stawkę</n_word>
    <f_sentence />
    <n_sentence />
  </word>
  <word>
    <f_word>undersell - undersold, undersold</f_word>
    <n_word>sprzedawać niżej ustalonej ceny, sprzedawać za tanio</n_word>
    <f_sentence />
    <n_sentence />
  </word>
  <word>
    <f_word>understand - understood, understood</f_word>
    <n_word>rozumieć</n_word>
    <f_sentence />
    <n_sentence />
  </word>
  <word>
    <f_word>undertake - undertook, undertaken</f_word>
    <n_word>przedsiębrać, ręczyć</n_word>
    <f_sentence />
    <n_sentence />
  </word>
  <word>
    <f_word>undo - undid, undone</f_word>
    <n_word>rozewrzeć, otworzyć, rozpuścić, skasować</n_word>
    <f_sentence />
    <n_sentence />
  </word>
  <word>
    <f_word>unsay - unsaid, unsaid</f_word>
    <n_word>cofnąć słowo, odwołać</n_word>
    <f_sentence />
    <n_sentence />
  </word>
  <word>
    <f_word>uphold - upheld, upheld</f_word>
    <n_word>podtrzymywać, popierać</n_word>
    <f_sentence />
    <n_sentence />
  </word>
  <word>
    <f_word>upset - upset, upset</f_word>
    <n_word>wyprowadzić z równowagi, zdenerwować (się)</n_word>
    <f_sentence />
    <n_sentence />
  </word>
  <word>
    <f_word>wake - woke, woke</f_word>
    <n_word>budzić się, czuwać</n_word>
    <f_sentence />
    <n_sentence />
  </word>
  <word>
    <f_word>waylay - waylaid, waylaid</f_word>
    <n_word>czaić się, z zasadzki napaść</n_word>
    <f_sentence />
    <n_sentence />
  </word>
  <word>
    <f_word>wear - wore, worn</f_word>
    <n_word>nosić (odzież, ozdobę)</n_word>
    <f_sentence />
    <n_sentence />
  </word>
  <word>
    <f_word>weave - wove, woven</f_word>
    <n_word>tkać</n_word>
    <f_sentence />
    <n_sentence />
  </word>
  <word>
    <f_word>weep - wept, wept</f_word>
    <n_word>płakać, opłakiwać</n_word>
    <f_sentence />
    <n_sentence />
  </word>
  <word>
    <f_word>win - won, won</f_word>
    <n_word>wygrać, zwyciężyć, zdobyć</n_word>
    <f_sentence />
    <n_sentence />
  </word>
  <word>
    <f_word>wind - wound, wound</f_word>
    <n_word>wić (się), kręcić (się), nawijać</n_word>
    <f_sentence />
    <n_sentence />
  </word>
  <word>
    <f_word>withdraw - withdrew, withdrawn</f_word>
    <n_word>cofać (się), odwoływać, odchodzić</n_word>
    <f_sentence />
    <n_sentence />
  </word>
  <word>
    <f_word>withhold - withheld, withheld</f_word>
    <n_word>zatrzymać, zastrzec, cofnąć się, odmówić</n_word>
    <f_sentence />
    <n_sentence />
  </word>
  <word>
    <f_word>withstand - withstood, withstood</f_word>
    <n_word>opierać się, oponować</n_word>
    <f_sentence />
    <n_sentence />
  </word>
  <word>
    <f_word>wring - wrung, wrung</f_word>
    <n_word>wyciskać, wyżymać, wymuszać, wyrywać</n_word>
    <f_sentence />
    <n_sentence />
  </word>
  <word>
    <f_word>write - wrote, written</f_word>
    <n_word>pisać</n_word>
    <f_sentence />
    <n_sentence />
  </word>
</word>